Design_Name,Landscape_classification,Sequence_4aa,Sequence_1aa,Alphabetized_Bin_String,number_nmethyls,Caco_R1,Caco_R2,Caco_R3,Caco_Papp_Average,Caco_Papp_StDev,label,smiles,sequence
D8.1,single,DLEU LEU DPRO DLEU LEU DALA PRO LEU,lLplLaPL,AAYBXXBY,0,27.58,18.53,23.71,23.27333333,4.54077453,1,CC(C)CC1NC(=O)[C@H](CC(C)C)NC(=O)[C@@H]2CCCN2C(O)C(C)NC(=O)[C@H](CC(C)C)NC(O)C(CC(C)C)NC(O)C2CCCN2C(=O)[C@H](CC(C)C)NC1O
D8.3.p1,single,DLEU DVAL PRO *DLEU DLEU DILE PRO *DLEU,lvP*lliP*l,*AABY*AABY,2,13.1,13.32,8.9,11.77333333,2.490809775,1,CCC(C)C1NC(O)C(CC(C)C)NC(O)C(CC(C)C)N(C)C(=O)[C@@H]2CCCN2C(O)C(C(C)C)NC(O)C(CC(C)C)NC(O)C(CC(C)C)N(C)C(=O)[C@@H]2CCCN2C1O
D8.3.p2,single,DLEU DVAL PRO *DLEU DLEU DILE PRO *DLEU,lvP*lliP*l,*AABY*AABY,2,4.06,2.59,1.54,2.73,1.265819892,1,CCC(C)C1NC(O)C(CC(C)C)NC(O)C(CC(C)C)N(C)C(=O)[C@@H]2CCCN2C(O)C(C(C)C)NC(O)C(CC(C)C)NC(O)C(CC(C)C)N(C)C(=O)[C@@H]2CCCN2C1O
D8.5.p2,single,PHE LEU PRO DPRO DLEU VAL DPRO DLEU,FLPplVpl,AAXYYAAY,0,17.839,26.07,20.36,21.423,4.21720488,1,CC(C)CC1NC(O)C2CCCN2C(=O)[C@H](C(C)C)NC(O)C(CC(C)C)NC(O)C2CCCN2C(=O)[C@@H]2CCCN2C(=O)[C@H](CC(C)C)NC(=O)[C@H](Cc2ccccc2)NC1O
D8.6,single,LEU PRO DPRO LEU DVAL *DALA *DALA DLEU,LPpLv*a*al,*A*AXBBYAY,2,0.86,0.9,0.45,0.736666667,0.249064918,0,CC(C)CC1NC(O)C(C)N(C)C(O)C(C)N(C)C(O)C(C(C)C)NC(=O)[C@H](CC(C)C)NC(O)C2CCCN2C(=O)[C@@H]2CCCN2C(=O)[C@H](CC(C)C)NC1O
D8.8,single,PRO *DLEU DLEU DILE PRO *DLEU DILE DVAL,P*lliP*liv,*AABY*AABY,2,20.91,23.96,24.11,22.99333333,1.805777764,1,CCC(C)C1NC(O)C(CC(C)C)N(C)C(=O)[C@@H]2CCCN2C(O)C(C(C)CC)NC(O)C(CC(C)C)NC(O)C(CC(C)C)N(C)C(=O)[C@@H]2CCCN2C(O)C(C(C)C)NC1O
D8.10,single,DPRO DPRO *ALA DPHE ALA *LEU *DLEU DLEU,pp*AfA*L*ll,*ABBB*XAY*Y,3,3.8,4.56,3.36,3.906666667,0.607069463,1,CC(C)CC1NC(O)C(CC(C)C)N(C)C(=O)[C@H](CC(C)C)N(C)C(=O)[C@H](C)NC(O)C(CC2CCCCC2)NC(=O)[C@H](C)N(C)C(O)C2CCCN2C(O)C2CCCN2C1O
D8.26,single,DVAL *DLEU *ALA *DALA DVAL PRO DPRO ILE,v*l*A*avPpI,*A*B*XYBYAY,3,0.79,0.21,0.94,0.646666667,0.385529938,0,CC[C@H](C)[C@@H]1NC(O)C2CCCN2C(=O)[C@@H]2CCCN2C(O)C(C(C)C)NC(O)C(C)N(C)C(=O)[C@H](C)N(C)C(O)C(CC(C)C)N(C)C(O)C(C(C)C)NC1=O
D8.32,single,DPRO DPRO *LEU DLEU DPRO PRO *DLEU DLEU,pp*LlpP*ll,*ABBB*XBBY,2,2.78,2.88,2.54,2.733333333,0.174737899,1,CC(C)CC1NC(O)C(CC(C)C)N(C)C(=O)[C@@H]2CCCN2C(O)C2CCCN2C(O)C(CC(C)C)NC(=O)[C@H](CC(C)C)N(C)C(O)C2CCCN2C(O)C2CCCN2C1O
D8.2,multiple,PRO AIB DLEU DILE PRO AIB DLEU DILE,PBliPBli,AAXYAAXY,0,8.98,12.87,13.19,11.68,2.343736333,1,CCC(C)C1NC(O)C(CC(C)C)NC(O)C(C)(C)NC(=O)[C@@H]2CCCN2C(O)C(C(C)CC)NC(O)C(CC(C)C)NC(O)C(C)(C)NC(=O)[C@@H]2CCCN2C1O
D8.21,multiple,DVAL *LEU DPRO LEU DVAL *LEU DPRO LEU,v*LpLv*LpL,AXB*YAXB*Y,2,10.22,13.72,9.76,11.23333333,2.165763914,1,CC(C)C[C@@H]1NC(O)C2CCCN2C(=O)[C@H](CC(C)C)N(C)C(O)C(C(C)C)NC(=O)[C@H](CC(C)C)NC(O)C2CCCN2C(=O)[C@H](CC(C)C)N(C)C(O)C(C(C)C)NC1=O
D8.30,multiple,DALA DPRO *LEU LEU PRO *DLEU DVAL *DALA,ap*LLP*lv*a,A*AY*YYY*BB,3,4.11,4.92,2.89,3.973333333,1.021877357,1,CC(C)CC1C(O)NC(C(C)C)C(O)N(C)C(C)C(O)NC(C)C(O)N2CCCC2C(O)N(C)[C@@H](CC(C)C)C(=O)N[C@@H](CC(C)C)C(=O)N2CCC[C@H]2C(=O)N1C
D8.31,multiple,DALA DPRO *DLEU DVAL DALA DPRO *DLEU DVAL,ap*lvap*lv,A*AABB*XAY,2,0.95,1.32,0.54,0.936666667,0.390170903,0,CC(C)CC1C(O)NC(C(C)C)C(O)NC(C)C(O)N2CCCC2C(O)N(C)C(CC(C)C)C(O)NC(C(C)C)C(O)NC(C)C(O)N2CCCC2C(O)N1C
D8.33,multiple,DPHE DILE PRO DPRO DILE DVAL PRO *DPHE,fiPpivP*f,AABY*AABY,1,18.4,22.17,16.82,19.13,2.748690597,1,CCC(C)C1NC(O)C2CCCN2C(=O)[C@@H]2CCCN2C(O)C(C(C)CC)NC(O)C(CC2CCCCC2)NC(O)C(CC2CCCCC2)N(C)C(=O)[C@@H]2CCCN2C(O)C(C(C)C)NC1O
D9.1,single,DPRO PRO AIB LEU AIB VAL PRO *DLEU ILE ,pPBLBVP*lI ,*AYBYAYBYY,1,0.42,0.18,2.09,0.896666667,1.040400564,0,CC[C@H](C)[C@@H]1NC(O)[C@@H](CC(C)C)N(C)C(=O)[C@@H]2CCCN2C(=O)[C@H](C(C)C)NC(O)C(C)(C)NC(=O)[C@H](CC(C)C)NC(O)C(C)(C)NC(=O)[C@@H]2CCCN2C(O)[C@H]2CCCN2C1=O
D9.3,single,LEU DILE DPRO *LEU DLEU PRO *DPHE VAL DLEU,Lip*LlP*fVl,*AXBYBB*XBY,2,2.82,3.97,3.81,3.533333333,0.622923216,1,CCC(C)C1NC(=O)[C@H](CC(C)C)NC(O)C(CC(C)C)NC(=O)[C@H](C(C)C)NC(O)C(CC2CCCCC2)N(C)C(=O)[C@@H]2CCCN2C(O)C(CC(C)C)NC(=O)[C@H](CC(C)C)N(C)C(O)C2CCCN2C1O
D9.4.p1,single,LEU DILE DPRO LEU DLEU PRO *DPHE VAL DLEU,Lip*LlP*fVl,*AXBYBBXBY,1,3.39,1.88,6.0,3.756666667,2.084330428,1,CC[C@@H](C)[C@H]1NC(=O)[C@H](CC(C)C)NC(O)[C@@H](CC(C)C)NC(=O)[C@H](C(C)C)NC(O)[C@@H](CC2CCCCC2)N(C)C(=O)[C@@H]2CCCN2C(O)[C@@H](CC(C)C)NC(=O)[C@H](CC(C)C)NC(O)[C@H]2CCCN2C1O
D9.4.p2,single,LEU DILE DPRO LEU DLEU PRO *DPHE VAL DLEU,Lip*LlP*fVl,*AXBYBBXBY,1,3.27,4.06,2.03,3.12,1.023279043,1,CC[C@@H](C)[C@H]1NC(=O)[C@H](CC(C)C)NC(O)[C@@H](CC(C)C)NC(=O)[C@H](C(C)C)NC(O)[C@@H](CC2CCCCC2)N(C)C(=O)[C@@H]2CCCN2C(O)[C@@H](CC(C)C)NC(=O)[C@H](CC(C)C)NC(O)[C@H]2CCCN2C1O
D9.6.p1,single,PRO DALA DVAL *LEU *PHE ILE ALA PRO DLEU,Pav*L*FIAPl,*A*AABBYBYY,2,4.759,4.29,4.47,4.506333333,0.236601634,1,CC[C@H](C)[C@@H]1NC(=O)[C@H](Cc2ccccc2)N(C)C(=O)[C@H](CC(C)C)N(C)C(O)C(C(C)C)NC(O)C(C)NC(=O)[C@@H]2CCCN2C(O)C(CC(C)C)NC(=O)[C@@H]2CCCN2C(=O)[C@H](C)NC1=O
D9.6.p2,single,PRO DALA DVAL *LEU *PHE ILE ALA PRO DLEU,Pav*L*FIAPl,*A*AABBYBYY,2,3.08,4.47,7.44,4.996666667,2.227203029,1,CC[C@H](C)[C@@H]1NC(=O)[C@H](Cc2ccccc2)N(C)C(=O)[C@H](CC(C)C)N(C)C(O)C(C(C)C)NC(O)C(C)NC(=O)[C@@H]2CCCN2C(O)C(CC(C)C)NC(=O)[C@@H]2CCCN2C(=O)[C@H](C)NC1=O
D9.16,multiple,PRO *DALA DALA VAL *DLEU DLEU DLEU DPRO LEU,P*aaV*lllpL,*AABBYX*XBY,2,2.38,2.33,2.72,2.476666667,0.212210587,1,CC(C)CC1NC(O)C(CC(C)C)N(C)C(=O)[C@H](C(C)C)NC(O)C(C)NC(O)C(C)N(C)C(=O)[C@@H]2CCCN2C(=O)[C@H](CC(C)C)NC(O)C2CCCN2C(O)C(CC(C)C)NC1O
D9.30,multiple,DPRO DLEU ALA PRO *DALA LEU DILE *DLEU VAL,plAP*aLi*lV,A*AAX*XBXYB,2,1.9,2.33,2.72,2.316666667,0.410162569,1,CCC(C)C1NC(=O)[C@H](CC(C)C)NC(O)C(C)N(C)C(=O)[C@@H]2CCCN2C(=O)[C@H](C)NC(O)C(CC(C)C)NC(O)C2CCCN2C(=O)[C@H](C(C)C)NC(O)C(CC(C)C)N(C)C1O
D10.1.p1,single,DLEU ILE LEU DPRO *PHE VAL PRO *GLY PHE *LEU ,lILp*FVP*GF*L ,*ABB*XB*BXABY,3,8.51,8.93,8.51,8.65,0.242487113,1,CC[C@H](C)[C@@H]1NC(O)C(CC(C)C)NC(=O)[C@H](CC(C)C)N(C)C(=O)[C@H](Cc2ccccc2)NC(=O)CN(C)C(=O)[C@@H]2CCCN2C(=O)[C@H](C(C)C)NC(=O)[C@H](Cc2ccccc2)N(C)C(O)C2CCCN2C(=O)[C@H](CC(C)C)NC1=O
D10.1.p2,single,DLEU ILE LEU DPRO *PHE VAL PRO *GLY PHE *LEU ,lILp*FVP*GF*L ,*ABB*XB*BXABY,3,2.58,4.21,4.01,3.6,0.888988189,1,CC[C@H](C)[C@@H]1NC(O)C(CC(C)C)NC(=O)[C@H](CC(C)C)N(C)C(=O)[C@H](Cc2ccccc2)NC(=O)CN(C)C(=O)[C@@H]2CCCN2C(=O)[C@H](C(C)C)NC(=O)[C@H](Cc2ccccc2)N(C)C(O)C2CCCN2C(=O)[C@H](CC(C)C)NC1=O
D10.2.p1,single,LEU DPHE PRO DLEU DALA *LEU LEU *ALA DPHE PRO,LfPla*LL*AfP ,AB*YY*YBYYBY,2,8.83,8.71,11.73,9.756666667,1.710009747,1,CC(C)CC1NC(=O)[C@@H]2CCCN2C(O)C(CC2CCCCC2)NC(=O)[C@H](CC(C)C)NC(=O)[C@@H]2CCCN2C(O)C(CC2CCCCC2)NC(=O)[C@H](C)N(C)C(=O)[C@H](CC(C)C)NC(=O)[C@H](CC(C)C)N(C)C(O)C(C)NC1O
D10.2.p2,single,LEU DPHE PRO DLEU DALA *LEU LEU *ALA DPHE PRO,LfPla*LL*AfP ,AB*YY*YBYYBY,2,0.0,0.0,0.0,0.0,0.0,0,CC(C)CC1NC(=O)[C@@H]2CCCN2C(O)C(CC2CCCCC2)NC(=O)[C@H](CC(C)C)NC(=O)[C@@H]2CCCN2C(O)C(CC2CCCCC2)NC(=O)[C@H](C)N(C)C(=O)[C@H](CC(C)C)NC(=O)[C@H](CC(C)C)N(C)C(O)C(C)NC1O
D10.3.p1,single,ILE DPRO *PHE DALA DPRO *LEU DVAL *DLEU PRO DVAL,Ip*Fap*Lv*lPv,AXBY*AYY*AY*Y,3,1.3,1.99,6.15,3.146666667,2.623744144,1,CC[C@H](C)[C@@H]1NC(O)C(C(C)C)NC(=O)[C@@H]2CCCN2C(O)C(CC(C)C)N(C)C(O)C(C(C)C)NC(=O)[C@H](CC(C)C)N(C)C(O)C2CCCN2C(O)C(C)NC(=O)[C@H](Cc2ccccc2)N(C)C(O)C2CCCN2C1=O
D10.3.p2,single,ILE DPRO *PHE DALA DPRO *LEU DVAL *DLEU PRO DVAL,Ip*Fap*Lv*lPv,AXBY*AYY*AY*Y,3,4.05,6.62,2.63,4.433333333,2.022432529,1,CC[C@H](C)[C@@H]1NC(O)C(C(C)C)NC(=O)[C@@H]2CCCN2C(O)C(CC(C)C)N(C)C(O)C(C(C)C)NC(=O)[C@H](CC(C)C)N(C)C(O)C2CCCN2C(O)C(C)NC(=O)[C@H](Cc2ccccc2)N(C)C(O)C2CCCN2C1=O
D10.4,single,*PHE DVAL LEU PRO DVAL DPRO *PHE DALA DPRO DPRO,*FvLPvp*Fapp,*AXBBYY*AYYY,2,1.39,0.0,0.49,0.626666667,0.70500591,0,CC(C)C[C@@H]1NC(O)C(C(C)C)NC(=O)[C@H](Cc2ccccc2)N(C)C(O)C2CCCN2C(O)C2CCCN2C(O)C(C)NC(=O)[C@H](Cc2ccccc2)N(C)C(O)C2CCCN2C(O)C(C(C)C)NC(=O)[C@@H]2CCCN2C1=O
D10.5,single,PRO DPRO ALA DVAL *LEU ALA *LEU DPRO *VAL VAL,PpAv*LA*Lp*VV,*AA*BY*BBBYAY,3,1.31,0.1,0.08,0.496666667,0.704438311,0,CC(C)C[C@H]1C(=O)N2CCCC2C(O)N(C)[C@@H](C(C)C)C(=O)N[C@@H](C(C)C)C(=O)N2CCC[C@H]2C(=O)N2CCCC2C(O)N[C@@H](C)C(=O)NC(C(C)C)C(O)N(C)[C@@H](CC(C)C)C(=O)N[C@@H](C)C(=O)N1C
D10.17.p2,single,*LEU *PHE LEU DPRO *LEU DILE PRO DPRO ALA DVAL,*L*FLp*LiPpAv,*A*ABY*AYBYAY,3,12.57,5.7,7.84,8.703333333,3.515427902,1,CCC(C)C1NC(=O)[C@H](CC(C)C)N(C)C(O)C2CCCN2C(=O)[C@H](CC(C)C)NC(=O)[C@H](Cc2ccccc2)N(C)C(=O)[C@H](CC(C)C)N(C)C(O)C(C(C)C)NC(=O)[C@H](C)NC(O)C2CCCN2C(=O)[C@@H]2CCCN2C1O
D10.19,single,DALA LEU VAL DPRO *LEU VAL PRO *DLEU VAL *ILE,aLVp*LVP*lV*I,ABY*BBB*YB*BX,3,15.38,18.8,17.24,17.14,1.712191578,1,CC[C@H](C)[C@H]1C(=O)NC(C)C(O)N[C@@H](CC(C)C)C(=O)N[C@@H](C(C)C)C(=O)N2CCCC2C(O)N(C)[C@@H](CC(C)C)C(=O)N[C@@H](C(C)C)C(=O)N2CCC[C@H]2C(=O)N(C)C(CC(C)C)C(O)N[C@@H](C(C)C)C(=O)N1C
D10.30,single,PRO *DLEU PHE DILE PRO LEU DLEU DPRO *DALA DVAL,P*lFiPLlp*av,AAYY*AYB*XAY,2,15.3,17.51,15.5,16.10333333,1.222306563,1,CCC(C)C1NC(=O)[C@H](Cc2ccccc2)NC(O)C(CC(C)C)N(C)C(=O)[C@@H]2CCCN2C(O)C(C(C)C)NC(O)C(C)N(C)C(O)C2CCCN2C(O)C(CC(C)C)NC(=O)[C@H](CC(C)C)NC(=O)[C@@H]2CCCN2C1O
D10.31,single,PHE *DALA DLEU ILE PRO DPRO VAL PRO *DALA DLEU,F*alIPpVP*al,*AAY*AAYYAYY,2,1.93,3.43,3.02,2.793333333,0.775263396,1,CC[C@H](C)[C@@H]1NC(O)C(CC(C)C)NC(O)C(C)N(C)C(=O)[C@H](Cc2ccccc2)NC(O)C(CC(C)C)NC(O)C(C)N(C)C(=O)[C@@H]2CCCN2C(=O)[C@H](C(C)C)NC(O)C2CCCN2C(=O)[C@@H]2CCCN2C1=O
D10.34,single,DPHE DILE DPRO *ALA *DLEU LEU LEU DPRO PRO DLEU,fip*A*lLLpPl,ABB*Y*AYYBXY,2,14.68,16.27,14.14,15.03,1.107293999,1,CCC(C)C1NC(O)C(CC2CCCCC2)NC(O)C(CC(C)C)NC(=O)[C@@H]2CCCN2C(O)C2CCCN2C(=O)[C@H](CC(C)C)NC(=O)[C@H](CC(C)C)NC(O)C(CC(C)C)N(C)C(=O)[C@H](C)N(C)C(O)C2CCCN2C1O
D10.41,multiple,DPRO *DLEU DVAL ILE DPRO *ALA DPRO LEU *DLEU DLEU,p*lvIp*ApL*ll,A*AAYB*YBY*BB,3,4.42,8.21,10.34,7.656666667,2.998538533,1,CC[C@H](C)[C@@H]1NC(O)C(C(C)C)NC(O)C(CC(C)C)N(C)C(O)C2CCCN2C(O)C(CC(C)C)NC(O)C(CC(C)C)N(C)C(=O)[C@H](CC(C)C)NC(O)C2CCCN2C(=O)[C@H](C)N(C)C(O)C2CCCN2C1=O
D11.3,single,VAL PRO DPRO LEU *DILE DILE DPRO *LEU ILE DILE DPRO,VPpL*iip*LIip,*AAYYBBXB*YYY,2,7.29,8.78,11.26,9.11,2.005467527,1,CCC(C)C1NC(=O)[C@H]([C@@H](C)CC)NC(=O)[C@H](CC(C)C)N(C)C(O)C2CCCN2C(O)C(C(C)CC)NC(O)C(C(C)CC)N(C)C(=O)[C@H](CC(C)C)NC(O)C2CCCN2C(=O)[C@@H]2CCCN2C(=O)[C@H](C(C)C)NC(O)C2CCCN2C1O
D11.4,single,VAL PRO DPRO LEU *DILE DILE DPRO *PHE ILE DILE DPRO,VPpL*iip*FIip,*AAYYBBXB*YYY,2,3.83,4.6,6.55,4.993333333,1.402010461,1,CCC(C)C1NC(=O)[C@H]([C@@H](C)CC)NC(=O)[C@H](Cc2ccccc2)N(C)C(O)C2CCCN2C(O)C(C(C)CC)NC(O)C(C(C)CC)N(C)C(=O)[C@H](CC(C)C)NC(O)C2CCCN2C(=O)[C@@H]2CCCN2C(=O)[C@H](C(C)C)NC(O)C2CCCN2C1O
D11.5,single,ALA PRO *DLEU VAL DLEU DILE PRO *DLEU *ALA DPRO *LEU,AP*lVliP*l*Ap*L,A*AAXYB*Y*BY*BB,4,2.93,4.7,3.89,3.84,0.886058689,1,CCC(C)C1NC(O)C(CC(C)C)NC(=O)[C@H](C(C)C)NC(O)C(CC(C)C)N(C)C(=O)[C@@H]2CCCN2C(=O)[C@H](C)NC(=O)[C@H](CC(C)C)N(C)C(O)C2CCCN2C(=O)[C@H](C)N(C)C(O)C(CC(C)C)N(C)C(=O)[C@@H]2CCCN2C1O
D11.9.p2,single,VAL *DLEU *LEU DPRO DLEU DALA DPRO PRO ALA DPHE DLEU,V*l*LplapPAfl,AABBXXABY*B*Y,2,2.62,5.46,4.02,4.033333333,1.420046948,1,CC(C)CC1NC(O)C(CC2CCCCC2)NC(=O)[C@H](C)NC(=O)[C@@H]2CCCN2C(O)C2CCCN2C(O)C(C)NC(O)C(CC(C)C)NC(O)C2CCCN2C(=O)[C@H](CC(C)C)N(C)C(O)C(CC(C)C)N(C)C(=O)[C@H](C(C)C)NC1O
D11.10,single,DPRO ILE *ALA DILE DPRO PRO DLEU ILE *ALA DVAL *LEU,pI*AipPlI*Av*L,A*YBY*YBBYAY*Y,3,4.35,4.46,4.8,4.536666667,0.234591844,1,CCC(C)C1NC(=O)[C@H](C)N(C)C(=O)[C@H]([C@@H](C)CC)NC(O)C2CCCN2C(=O)[C@H](CC(C)C)N(C)C(O)C(C(C)C)NC(=O)[C@H](C)N(C)C(=O)[C@H]([C@@H](C)CC)NC(O)C(CC(C)C)NC(=O)[C@@H]2CCCN2C(O)C2CCCN2C1O
D11.11,single,PRO DPRO DPRO *DLEU DPHE *LEU *DLEU ILE ALA PRO DVAL,Ppp*lf*L*lIAPv,ABBYBYY*AY*B*X,3,2.88,6.1,5.78,4.92,1.773922208,1,CC[C@H](C)[C@@H]1NC(O)C(CC(C)C)N(C)C(=O)[C@H](CC(C)C)N(C)C(O)C(CC2CCCCC2)NC(O)C(CC(C)C)N(C)C(O)C2CCCN2C(O)C2CCCN2C(=O)[C@@H]2CCCN2C(O)C(C(C)C)NC(=O)[C@@H]2CCCN2C(=O)[C@H](C)NC1=O
D11.13,single,PRO DPRO VAL DVAL *DLEU DLEU DPRO PRO ILE *ALA ILE,PpVv*llpPI*AI,AB*BBBXAY*YYY,2,4.34,4.41,4.75,4.5,0.219317122,1,CC[C@H](C)[C@@H]1NC(=O)[C@@H]2CCCN2C(O)C2CCCN2C(O)C(CC(C)C)NC(O)C(CC(C)C)N(C)C(O)C(C(C)C)NC(=O)[C@H](C(C)C)NC(O)C2CCCN2C(=O)[C@@H]2CCCN2C(=O)[C@H]([C@@H](C)CC)NC(=O)[C@H](C)N(C)C1=O
D11.1,multiple,DILE DPRO LEU DLEU DPRO *LEU DPHE LEU *DALA DILE PRO,ipLlp*LfL*aiP,*ABYBBXBB*XAY,2,2.39,2.67,3.24,2.766666667,0.433166635,1,CCC(C)C1NC(=O)[C@@H]2CCCN2C(O)C(C(C)CC)NC(O)C(C)N(C)C(=O)[C@H](CC(C)C)NC(O)C(CC2CCCCC2)NC(=O)[C@H](CC(C)C)N(C)C(O)C2CCCN2C(O)C(CC(C)C)NC(=O)[C@H](CC(C)C)NC(O)C2CCCN2C1O
D11.2,multiple,DILE DPRO LEU DLEU DPRO *LEU DPHE LEU *GLY DILE PRO ,ipLlp*LfL*GiP ,*AXB*YYBYYAYY,2,1.94,3.87,2.65,2.82,0.976165969,1,CCC(C)C1NC(=O)[C@@H]2CCCN2C(O)C(C(C)CC)NC(=O)CN(C)C(=O)[C@H](CC(C)C)NC(O)C(CC2CCCCC2)NC(=O)[C@H](CC(C)C)N(C)C(O)C2CCCN2C(O)C(CC(C)C)NC(=O)[C@H](CC(C)C)NC(O)C2CCCN2C1O
D12.6,single,DPRO *PHE ILE DPRO LEU DLEU LEU DPRO PRO DALA *DALA ILE,p*FIpLlLpPa*aI,*ABXBXBYAX*YBY,2,2.06,2.29,4.18,2.843333333,1.163285577,1,CC[C@H](C)[C@@H]1NC(=O)[C@H](Cc2ccccc2)N(C)C(O)C2CCCN2C(=O)[C@H]([C@@H](C)CC)NC(O)C(C)N(C)C(O)C(C)NC(=O)[C@@H]2CCCN2C(O)C2CCCN2C(=O)[C@H](CC(C)C)NC(O)C(CC(C)C)NC(=O)[C@H](CC(C)C)NC(O)C2CCCN2C1=O
